{
    "data_metadata": {
        "n_samples": 1095,
        "n_features": 5,
        "seasonality_period": 7,
        "trend_strength": 0.1,
        "noise_level": 0.05,
        "generation_seed": 42,
        "train_size": 788,
        "val_size": 88,
        "test_size": 219
    },
    "training_history": {
        "loss": [
            0.9288253784179688,
            0.7888270616531372,
            0.7290206551551819,
            0.6655510663986206,
            0.6198880672454834,
            0.5209773778915405,
            0.4244685769081116,
            0.33885669708251953,
            0.21147792041301727,
            0.19003114104270935
        ],
        "val_loss": [
            1.0566959381103516,
            0.9269734025001526,
            0.8047063946723938,
            0.7337462902069092,
            0.7296376824378967,
            0.5286762118339539,
            0.5905081033706665,
            0.37097957730293274,
            0.432228684425354,
            0.3763797879219055
        ]
    },
    "metrics": {
        "rmse": 0.5043364499727955,
        "mae": 0.39594270995277675,
        "mape": 1.0636450150212486,
        "mse": 0.25435525477116205,
        "r_squared": 0.7160935052376864,
        "directional_accuracy": 0.9310344827586207,
        "theil_u": 0.6910614893886521,
        "dtw": 63.61564585291779
    }
}